{"cameraMode":{"drawMode":0,"name":"Shaded","section":"Shading Mode"},"sceneLighting":false,"audioPlay":false,"sceneViewState":{"showFog":true,"showMaterialUpdate":false,"showSkybox":false,"showFlares":true,"showImageEffects":true,"showParticleSystems":true},"in2DMode":false,"pivot":{"x":9.476890563964844,"y":0.4354611039161682,"z":12.42330551147461},"rotation":{"x":0.06435662508010864,"y":0.3578687608242035,"z":-0.024732215330004693,"w":0.9312232136726379},"size":12.55103588104248,"orthographic":false}