{"cameraMode":{"drawMode":0,"name":"Shaded","section":"Shading Mode"},"sceneLighting":false,"audioPlay":false,"sceneViewState":{"showFog":true,"showMaterialUpdate":false,"showSkybox":false,"showFlares":true,"showImageEffects":true,"showParticleSystems":true},"in2DMode":false,"pivot":{"x":1.955824851989746,"y":-5.064153671264648,"z":13.427167892456055},"rotation":{"x":0.06435662508010864,"y":0.3578687608242035,"z":-0.024732215330004693,"w":0.9312232136726379},"size":31.412181854248048,"orthographic":false}