{"cameraMode":{"drawMode":0,"name":"Shaded","section":"Shading Mode"},"sceneLighting":false,"audioPlay":false,"sceneViewState":{"showFog":true,"showMaterialUpdate":false,"showSkybox":false,"showFlares":true,"showImageEffects":true,"showParticleSystems":true},"in2DMode":false,"pivot":{"x":3.3811798095703127,"y":-2.8186733722686769,"z":10.318988800048829},"rotation":{"x":0.014806684106588364,"y":0.1597939431667328,"z":-0.0023970857728272678,"w":0.9870364665985107},"size":8.800169944763184,"orthographic":false}