{"cameraMode":{"drawMode":0,"name":"Shaded","section":"Shading Mode"},"sceneLighting":true,"audioPlay":false,"sceneViewState":{"showFog":true,"showMaterialUpdate":false,"showSkybox":true,"showFlares":true,"showImageEffects":true,"showParticleSystems":true},"in2DMode":false,"pivot":{"x":106.34275817871094,"y":-12.189251899719239,"z":0.567177951335907},"rotation":{"x":-0.08523156493902207,"y":-0.2636709213256836,"z":0.023395920172333719,"w":-0.9605550169944763},"size":25.4663028717041,"orthographic":true}