{"cameraMode":{"drawMode":0,"name":"Shaded","section":"Shading Mode"},"sceneLighting":false,"audioPlay":false,"sceneViewState":{"showFog":true,"showMaterialUpdate":false,"showSkybox":false,"showFlares":true,"showImageEffects":true,"showParticleSystems":true},"in2DMode":false,"pivot":{"x":19.256038665771486,"y":-8.545313835144043,"z":5.614652156829834},"rotation":{"x":-0.20653748512268067,"y":-0.13250549137592317,"z":0.028242269530892373,"w":-0.9690134525299072},"size":12.010440826416016,"orthographic":true}