{"cameraMode":{"drawMode":0,"name":"Shaded","section":"Shading Mode"},"sceneLighting":false,"audioPlay":false,"sceneViewState":{"showFog":true,"showMaterialUpdate":false,"showSkybox":false,"showFlares":true,"showImageEffects":true,"showParticleSystems":true},"in2DMode":false,"pivot":{"x":10.30965805053711,"y":-20.53573226928711,"z":11.251667022705079},"rotation":{"x":0.18386811017990113,"y":0.7049288153648377,"z":-0.19760891795158387,"w":0.6559105515480042},"size":3.9907777309417726,"orthographic":false}