{"cameraMode":{"drawMode":0,"name":"Shaded","section":"Shading Mode"},"sceneLighting":false,"audioPlay":false,"sceneViewState":{"showFog":true,"showMaterialUpdate":false,"showSkybox":false,"showFlares":true,"showImageEffects":true,"showParticleSystems":true},"in2DMode":false,"pivot":{"x":16.133892059326173,"y":-25.63807487487793,"z":-0.45378661155700686},"rotation":{"x":0.08984197676181793,"y":0.028380705043673517,"z":-0.002561595058068633,"w":0.9955483078956604},"size":123.96780395507813,"orthographic":true}